title,genre,keywords,description
Inception,Sci-Fi|Thriller,dream|mind|heist,"A thief who enters dreams to steal secrets is given a chance to erase his past."
Interstellar,Sci-Fi|Drama,space|time|love,"A group of astronauts travel through a wormhole to find a new home for humanity."
The Dark Knight,Action|Crime|Drama,batman|joker|crime,"Batman faces a criminal mastermind who creates chaos in Gotham City."
Avengers: Endgame,Action|Adventure|Sci-Fi,superhero|marvel|time travel,"The Avengers attempt to reverse the destruction caused by Thanos."
Iron Man,Action|Sci-Fi,robot|superhero|marvel,"A billionaire builds a powerful armored suit and becomes a superhero."
The Matrix,Sci-Fi|Action,virtual reality|robot|future,"A hacker discovers that reality is a simulated world controlled by machines."
Titanic,Romance|Drama,love|ship|disaster,"Two people from different social classes fall in love during a famous voyage."
The Notebook,Romance|Drama,love|relationship|memory,"A romantic story about two people whose love survives many challenges."
Jurassic Park,Adventure|Sci-Fi,dinosaur|park|science,"Scientists create a theme park containing genetically engineered dinosaurs."
Avatar,Sci-Fi|Adventure,alien|planet|space,"Humans travel to another planet where they encounter a native civilization."
Gladiator,Action|Drama,war|revenge|roman,"A Roman general seeks revenge after losing his family and position."
The Hangover,Comedy|Adventure,party|friends|wedding,"Three friends try to remember what happened during a wild night in Las Vegas."
Toy Story,Animation|Comedy|Adventure,toys|friendship|child,"Toys come to life when their owner is away."
Finding Nemo,Animation|Adventure|Family,ocean|fish|family,"A father searches the ocean for his missing son."
The Lion King,Animation|Adventure|Drama,lion|family|king,"A young lion must accept his destiny and become king."
